{"count":38,"results":[{"id":1,"name":"1. Subdomains","description":"You received a report generated by **dnsdumpster** from your CAS colleague. He asked you to asses the status of the internet facing assets for ING RO.\r\n\r\n1. How many **ing.ro** subdomains can you identify?","max_attempts":3,"value":5,"category":"1. Secure Internet Facing Assets","type":"standard","state":"visible","requirements":null,"connection_info":null},{"id":2,"name":"2. Web Servers","description":"What web servers technology is being used by ING RO?","max_attempts":3,"value":5,"category":"1. Secure Internet Facing Assets","type":"standard","state":"visible","requirements":null,"connection_info":null},{"id":3,"name":"3. Sensitive services","description":"What sensitive services are exposed to the internet by ING RO?\r\n\r\na. RDP\r\n\r\nb. SSH\r\n\r\nc. FTP\r\n\r\nd. TELNET\r\n","max_attempts":2,"value":5,"category":"1. Secure Internet Facing Assets","type":"standard","state":"visible","requirements":null,"connection_info":null},{"id":4,"name":"4. Email server","description":"4. What is the IP address of the SMTP server? \r\n","max_attempts":3,"value":5,"category":"1. Secure Internet Facing Assets","type":"standard","state":"visible","requirements":null,"connection_info":null},{"id":5,"name":"5. Remote connections","description":"How many VPN servers does ING RO expose to the Internet?","max_attempts":3,"value":7,"category":"1. Secure Internet Facing Assets","type":"standard","state":"visible","requirements":null,"connection_info":null},{"id":6,"name":"6. Common Vulnerabilities and Exposures","description":"Is there any vulnerable application exposed by ING RO? What is the CVSS score of the vulnerability?","max_attempts":3,"value":10,"category":"1. Secure Internet Facing Assets","type":"standard","state":"visible","requirements":null,"connection_info":null},{"id":7,"name":"1. Let's phish","description":"Which of the following is an example of a \"phishing\" attack?\r\n\r\na. Sending someone an email that contains a link which looks like an email sent from someone the person knows.\r\n\r\nb. Creating a fake website that looks identical to the real website in order to trick users into entering their login information.\r\n\r\nc. Sending someone a text message that informs you are the winner of a contest and you have to access the provided link within the next hour to collect your prize.\r\n\r\nd. All of the above.","max_attempts":2,"value":5,"category":"2. Malicious code","type":"standard","state":"visible","requirements":null,"connection_info":null},{"id":8,"name":"2. Show me the money","description":"Criminals manage to access someone's computer and encrypt all user's personal files and data. The user is unable to access this data unless he pays the criminals to decrypt the files. This practice is called:\r\n\r\na. Botnet\r\n\r\nb. Phishing\r\n\r\nc. Ransomware\r\n\r\nd. Spam","max_attempts":2,"value":5,"category":"2. Malicious code","type":"standard","state":"visible","requirements":null,"connection_info":null},{"id":9,"name":"3. How to block it?","description":"What control could prevent a \"phishing\" attack?\r\n\r\na. User awerness\r\n\r\nb. Email gateway\r\n\r\nc. Endpoint protection\r\n\r\nd. All of the above","max_attempts":2,"value":5,"category":"2. Malicious code","type":"standard","state":"visible","requirements":null,"connection_info":null},{"id":10,"name":"4. Test me if you can","description":"What antimalware test file would you use to check if the malicious code controls are capable of detecting the test code?\r\n","max_attempts":3,"value":5,"category":"2. Malicious code","type":"standard","state":"visible","requirements":null,"connection_info":null},{"id":11,"name":"5. The power of shells","description":"Powershell has an interface that allows it to integrate with antimalware software to scan scripts running in memory. This is called AMSI (Antimalware Scan Interface). AMSI scans every script against a list of strings to check if the script is malicious. It looks for strings like Invoke-Mimikatz, AmsiScanBuffer, amsiInitFailed, AmsiUtils and many more. What would be the best approach to test if AMSI is integrated with the endpoint antimalware solution?\r\n\r\na. Try to download a known malicious powershell script from the Internet and execute it.\r\n\r\nb. Type some specific malicious strings in a powershell console.\r\n\r\nc. Send a phishing email with a payload which executes a malicious powershell command.","max_attempts":2,"value":5,"category":"2. Malicious code","type":"standard","state":"visible","requirements":null,"connection_info":null},{"id":12,"name":"6. Exception error","description":"What is the value of the FullyQualifiedErrorId returned by Powershell when detecting a malicious script?","max_attempts":3,"value":10,"category":"2. Malicious code","type":"standard","state":"visible","requirements":null,"connection_info":null},{"id":13,"name":"1. Who am I?","description":"Using Wireshark inspect the capture1.pcapng attached network traffic capture and answer the question in the CTF platform. \r\n\r\nWhich is the MAC address of the device which is trying to connect to the network?","max_attempts":3,"value":5,"category":"4. Network Access Control","type":"standard","state":"visible","requirements":null,"connection_info":null},{"id":14,"name":"2. Authenticator","description":"Which is the MAC address of the authenticator?","max_attempts":3,"value":5,"category":"4. Network Access Control","type":"standard","state":"visible","requirements":null,"connection_info":null},{"id":15,"name":"3. Open the doors","description":"What authentication type is used to authorize device to connect to the network?","max_attempts":5,"value":5,"category":"4. Network Access Control","type":"standard","state":"visible","requirements":null,"connection_info":null},{"id":16,"name":"4. Access denied","description":"Did the device receive access to the network? Which is the code number returned by the authenticator? (Answer only with the code number returned by the authenticator)","max_attempts":5,"value":5,"category":"4. Network Access Control","type":"standard","state":"visible","requirements":null,"connection_info":null},{"id":17,"name":"TLS","description":"What TLS version is used by the authenticator? Answer should be like \"TLS x.y\" where x is major version and y is minor version.","max_attempts":5,"value":5,"category":"4. Network Access Control","type":"standard","state":"visible","requirements":null,"connection_info":null},{"id":18,"name":"6. Hello there","description":"Did the device receive access to the network? Which is the code number returned by the authenticator? (Answer only with the code number returned by the authenticator)","max_attempts":0,"value":5,"category":"4. Network Access Control","type":"standard","state":"visible","requirements":null,"connection_info":null},{"id":19,"name":"7. Give me an IP","description":"What is the IP address of the DHCP server?","max_attempts":3,"value":7,"category":"4. Network Access Control","type":"standard","state":"visible","requirements":null,"connection_info":null},{"id":20,"name":"8. Welcome, here is your address","description":"What is the IP address of the device after connecting to the network? ","max_attempts":4,"value":7,"category":"4. Network Access Control","type":"standard","state":"visible","requirements":null,"connection_info":null},{"id":21,"name":"9. Where are those proxies?","description":"On which port are the web proxies listening? ","max_attempts":5,"value":15,"category":"4. Network Access Control","type":"standard","state":"visible","requirements":null,"connection_info":null},{"id":22,"name":"1. How strong are you?","description":"Which of the following passwords is the most secure?\r\n\r\na. Boat123\r\n\r\nb. WTh!5Z\r\n\r\nc. into*48\r\n\r\nd. 123456","max_attempts":2,"value":5,"category":"5. Management of credentials in relation to cybercrime","type":"standard","state":"visible","requirements":null,"connection_info":null},{"id":23,"name":"2. Give me your arguments","description":"What option does responder have to enable answers for netbios domain suffix queries? Please provide full name of the flag.","max_attempts":3,"value":5,"category":"5. Management of credentials in relation to cybercrime","type":"standard","state":"visible","requirements":null,"connection_info":null},{"id":24,"name":"3. Hash codes","description":"Which is the hashcode for NetNTLMv2 in hashcat?","max_attempts":3,"value":5,"category":"5. Management of credentials in relation to cybercrime","type":"standard","state":"visible","requirements":null,"connection_info":null},{"id":25,"name":"4. What is your name?","description":"On your Kali box start reponder in listening mode and wait a bit (max. 5 minutes).\r\nWhat is the username of the user who's hash was captured by Responder?","max_attempts":3,"value":5,"category":"5. Management of credentials in relation to cybercrime","type":"standard","state":"visible","requirements":null,"connection_info":null},{"id":26,"name":"5. Show me your password","description":"Using John the Ripper tool (john) try to crack the users password. Use dictionary attack with the rockyou.txt wordlist which is available on the Desktop in Kali. What is the user's password?","max_attempts":0,"value":15,"category":"5. Management of credentials in relation to cybercrime","type":"standard","state":"visible","requirements":null,"connection_info":null},{"id":27,"name":"0. Take a guess","description":"What's the user and password for Kali box? Answer with format like: user:password","max_attempts":0,"value":5,"category":"5. Management of credentials in relation to cybercrime","type":"standard","state":"visible","requirements":null,"connection_info":null},{"id":28,"name":"1. Follow me","description":"You are at the reception of an ING office and you notice that all staff can enter the premise using an ING card passing through a turnstile. Additionally, you notice there is another door that allows people to get out of the office by unlocking the door from inside out. Usually this door is used during the launch breaks when most of the stuff get out. You also notice that the door is closing slowly after being released. What kind of attack would you use to enter into ING premise?","max_attempts":3,"value":5,"category":"3. Physical Security","type":"standard","state":"visible","requirements":null,"connection_info":null},{"id":29,"name":"2. Show me your card","description":"During a visit at the ING Head office you notice that employees keep their badge at sight. 9 out of 10 employees who enter the building have HID Proximity cards. How would you attempt to get access to ING Premise?\r\n\r\na. Piggybacking\r\n\r\nb. Pretexting\r\n\r\nc. Card cloning\r\n\r\nd. Phising","max_attempts":2,"value":5,"category":"3. Physical Security","type":"standard","state":"visible","requirements":null,"connection_info":null},{"id":30,"name":"3. Initial information","description":"What is the most important input information to consider when preparing the test of effectivness for Physical Security?\r\n\r\na. List of contracts with Security Companies\r\n\r\nb. Network topology\r\n\r\nc. Complete list of Bank locations\r\n\r\nd. Previous reports of physical security test for Head-Office","max_attempts":2,"value":5,"category":"3. Physical Security","type":"standard","state":"visible","requirements":null,"connection_info":null},{"id":31,"name":"4. Security level","description":"Put the following access cards in ascendetn order of their security level (less secure first):\r\n\r\na. HID iClass, HID Proximity, NXP MIFIRE DESFire\r\n\r\nb. HID Proximity, NXP MIFIRE DESFire, HID iClass\r\n\r\nc. NXP MIFIRE DESFire, HID Proximity,  HID iClass\r\n\r\nd. HID Proximity, HID iClass, NXP MIFIRE DESFire","max_attempts":2,"value":5,"category":"3. Physical Security","type":"standard","state":"visible","requirements":null,"connection_info":null},{"id":32,"name":"5. Pro tools","description":"What is ProxMark3 tool used for?\r\n\r\na. To sniff a communication in IT Network.\r\n\r\nb. To discover WiFi networks.\r\n\r\nc. To read and clone access cards.\r\n\r\nd. To hijack communication between mobile phones in a proximity.","max_attempts":2,"value":10,"category":"3. Physical Security","type":"standard","state":"visible","requirements":null,"connection_info":null},{"id":33,"name":"1. Host discovery","description":"How many hosts are up in subnet 10.0.2.0/24?","max_attempts":3,"value":5,"category":"6. Network segmentation - scanning","type":"standard","state":"visible","requirements":null,"connection_info":null},{"id":34,"name":"2. Operating System","description":"What are the OS details of 10.0.2.9?","max_attempts":0,"value":5,"category":"6. Network segmentation - scanning","type":"standard","state":"visible","requirements":null,"connection_info":null},{"id":35,"name":"3. Service information","description":"What is the service version of the ftp server running on 10.0.2.4?","max_attempts":3,"value":5,"category":"6. Network segmentation - scanning","type":"standard","state":"visible","requirements":null,"connection_info":null},{"id":36,"name":"4. Send me an email","description":"What is the IP adddress of the SMTP server?","max_attempts":0,"value":5,"category":"6. Network segmentation - scanning","type":"standard","state":"visible","requirements":null,"connection_info":null},{"id":37,"name":"5. Accessing systems","description":"Can you get access to 10.0.2.15? Find the flag which is on the desktop.","max_attempts":0,"value":15,"category":"6. Network segmentation - scanning","type":"standard","state":"visible","requirements":null,"connection_info":null},{"id":38,"name":"Do your thing","description":"Get access to 10.0.2.4 and locate the CASFlag.txt file.","max_attempts":0,"value":30,"category":"BONUS","type":"standard","state":"visible","requirements":null,"connection_info":null}],"meta":{}}