{"count":12,"results":[{"id":1,"type":"standard","challenge_id":4,"content":"Look closer at the \"Type\" column.","cost":2,"requirements":null},{"id":2,"type":"standard","challenge_id":5,"content":"Have better look at HTTPS/Title column.","cost":2,"requirements":null},{"id":3,"type":"standard","challenge_id":6,"content":"You can use https://cvedetails.com to find out the CVSS score","cost":2,"requirements":null},{"id":4,"type":"standard","challenge_id":19,"content":"Filter on DHCP protocol.","cost":2,"requirements":null},{"id":5,"type":"standard","challenge_id":21,"content":"Look for proxy.pac file","cost":5,"requirements":null},{"id":6,"type":"standard","challenge_id":23,"content":"responder --help","cost":2,"requirements":null},{"id":7,"type":"standard","challenge_id":24,"content":"hashcat --help","cost":2,"requirements":null},{"id":9,"type":"standard","challenge_id":10,"content":"Acronim for European Institute for Computer Antivirus Research","cost":2,"requirements":null},{"id":10,"type":"standard","challenge_id":12,"content":"Type a malicious know string in a powershell terminal.","cost":2,"requirements":null},{"id":11,"type":"standard","challenge_id":27,"content":"Looku for default user and password for Kali 2021.","cost":2,"requirements":null},{"id":12,"type":"standard","challenge_id":37,"content":"Use credentials gathered with responder.","cost":5,"requirements":null},{"id":13,"type":"standard","challenge_id":38,"content":"Search for metasploitable walkthrough's on the internet.","cost":15,"requirements":null}],"meta":{}}