{"count":42,"results":[{"id":1,"challenge_id":1,"type":"static","content":"18","data":"case_insensitive"},{"id":2,"challenge_id":2,"type":"static","content":"apache","data":"case_insensitive"},{"id":3,"challenge_id":3,"type":"static","content":"a","data":"case_insensitive"},{"id":4,"challenge_id":4,"type":"static","content":"104.47.6.36","data":""},{"id":5,"challenge_id":5,"type":"static","content":"3","data":"case_insensitive"},{"id":6,"challenge_id":6,"type":"static","content":"7.5","data":"case_insensitive"},{"id":7,"challenge_id":7,"type":"static","content":"d","data":"case_insensitive"},{"id":8,"challenge_id":8,"type":"static","content":"c","data":""},{"id":9,"challenge_id":9,"type":"static","content":"d","data":"case_insensitive"},{"id":10,"challenge_id":10,"type":"static","content":"eicar","data":"case_insensitive"},{"id":11,"challenge_id":11,"type":"static","content":"b","data":"case_insensitive"},{"id":12,"challenge_id":12,"type":"static","content":"scriptcontainedmaliciouscontent","data":"case_insensitive"},{"id":13,"challenge_id":13,"type":"static","content":"3c:52:82:03:3a:27","data":""},{"id":14,"challenge_id":14,"type":"static","content":"54:86:bc:36:64:07","data":"case_insensitive"},{"id":15,"challenge_id":15,"type":"static","content":"802.1x","data":"case_insensitive"},{"id":16,"challenge_id":15,"type":"static","content":"802.1x Authentication","data":"case_insensitive"},{"id":17,"challenge_id":16,"type":"static","content":"4","data":"case_insensitive"},{"id":18,"challenge_id":17,"type":"static","content":"TLS 1.2","data":"case_insensitive"},{"id":19,"challenge_id":18,"type":"static","content":"3","data":"case_insensitive"},{"id":20,"challenge_id":19,"type":"static","content":"10.98.224.4","data":"case_insensitive"},{"id":21,"challenge_id":20,"type":"static","content":"10.98.224.86","data":"case_insensitive"},{"id":22,"challenge_id":21,"type":"static","content":"8080","data":"case_insensitive"},{"id":23,"challenge_id":22,"type":"static","content":"b","data":"case_insensitive"},{"id":24,"challenge_id":23,"type":"static","content":"nbtnsdomain","data":"case_insensitive"},{"id":25,"challenge_id":24,"type":"static","content":"5600","data":"case_insensitive"},{"id":27,"challenge_id":26,"type":"static","content":"milano1981","data":""},{"id":28,"challenge_id":17,"type":"static","content":"TLS1.2","data":"case_insensitive"},{"id":29,"challenge_id":27,"type":"static","content":"kali:kali","data":"case_insensitive"},{"id":30,"challenge_id":25,"type":"static","content":"vagrant","data":"case_insensitive"},{"id":31,"challenge_id":28,"type":"static","content":"tailgating","data":"case_insensitive"},{"id":32,"challenge_id":28,"type":"static","content":"piggybacking","data":"case_insensitive"},{"id":33,"challenge_id":29,"type":"static","content":"c","data":"case_insensitive"},{"id":34,"challenge_id":30,"type":"static","content":"c","data":"case_insensitive"},{"id":35,"challenge_id":31,"type":"static","content":"d","data":"case_insensitive"},{"id":36,"challenge_id":32,"type":"static","content":"c","data":"case_insensitive"},{"id":37,"challenge_id":33,"type":"static","content":"6","data":"case_insensitive"},{"id":38,"challenge_id":34,"type":"static","content":"Linux 4.15 - 5.6","data":""},{"id":39,"challenge_id":34,"type":"static","content":"Linux 4.15-5.6","data":"case_insensitive"},{"id":40,"challenge_id":35,"type":"static","content":"ProFTPD 1.3.1","data":"case_insensitive"},{"id":41,"challenge_id":36,"type":"static","content":"10.0.2.4","data":""},{"id":42,"challenge_id":37,"type":"static","content":"RDP_is_not_so_secure_without_MFA","data":"case_insensitive"},{"id":43,"challenge_id":38,"type":"static","content":"nice_job_done","data":"case_insensitive"}],"meta":{}}