{"count":2,"results":[{"id":1,"oauth_id":null,"name":"admin","password":"$bcrypt-sha256$2b,12$rP31zK9hkPt.xYrF23skUe$q.0yGzo1FpRn2WtBD3gpqlRbMpbjRH.","email":"admin@admin.com","type":"admin","secret":null,"website":null,"affiliation":null,"country":null,"bracket":null,"hidden":1,"banned":0,"verified":0,"team_id":null,"created":"2021-08-10T08:27:25"},{"id":2,"oauth_id":null,"name":"Alex","password":"$bcrypt-sha256$2b,12$.q3E3aJLXQkX3z1wPHjdU.$0.2BenKukdAXvs2Y6LeasCJY7kKzA5i","email":"test@test.tt","type":"user","secret":null,"website":null,"affiliation":null,"country":null,"bracket":null,"hidden":0,"banned":0,"verified":1,"team_id":null,"created":"2021-08-19T12:35:10"}],"meta":{}}